{"doc_id": "35fc3a6d-c5d6-4531-9538-63a0679fdfb2", "doc_name": "Android Captures", "doc_version": "b953e92d2c1df2c17e2114e499382ed7", "format": "tf_lite", "version": 5, "inputs": {"Image": {"dtype": "float32", "shape": [null, 224, 224, 3], "name": "Image"}}, "outputs": {"Confidences": {"dtype": "float32", "shape": [null, 5], "name": "35fc3a6d-c5d6-4531-9538-63a0679fdfb2.ed00c975-1cd4-481d-9597-8df6567f5b38/dense_2/Softmax"}}, "tags": [], "classes": {"Label": ["green", "none", "pet", "red", "selfie"]}, "filename": "saved_model.tflite", "export_model_version": 1}